year;title;genre;mpa;runtime;gross;rating_count;rating;metacritic;poster_brightness
2000;How the Grinch Stole Christmas;Family;PG;104;260.04;194117;6.1;46;25.880746356814342
2000;Cast Away;Romance;PG-13;143;233.63;491932;7.8;NA;51.02667142084646
2000;Mission: Impossible II;Thriller;PG-13;123;215.41;300317;6.1;59;27.1886047172492
2000;Gladiator;Adventure;R;155;187.71;1267208;8.5;NA;32.90640787022257
2000;What Women Want;Fantasy;PG-13;127;182.81;184977;6.4;47;41.65947139474709
2000;The Perfect Storm;Adventure;PG-13;130;182.62;150356;6.4;59;15.768280092045758
2000;Meet the Parents;Romance;PG-13;108;166.24;299905;7;NA;88.27832379770241
2000;X-Men;Sci-Fi;PG-13;104;157.3;551551;7.4;NA;33.93608496127404
2000;Scary Movie;Comedy;R;88;157.02;222431;6.2;48;32.64420693122519
2000;What Lies Beneath;Fantasy;PG-13;130;155.46;113562;6.6;51;90.31165668734945
2000;Dinosaur;Animation;PG;82;137.75;50038;6.5;56;33.483040606852576
2000;Crouching Tiger, Hidden Dragon;Fantasy;PG-13;120;128.08;245234;7.8;NA;41.13864309016726
2000;Erin Brockovich;Biography;R;131;125.6;164973;7.3;NA;67.59737968500991
2000;Charlie's Angels;Adventure;PG-13;98;125.31;169506;5.5;52;59.85111370817642
2000;Traffic;Thriller;R;147;124.12;189718;7.6;NA;16.49783131329817
2000;Nutty Professor II: The Klumps;Sci-Fi;PG-13;106;123.31;46833;4.4;NA;43.428285607674624
2000;Big Momma's House;Crime;PG-13;99;117.56;78181;5.2;NA;69.08958914409689
2000;Remember the Titans;Sport;PG;113;115.65;189396;7.8;48;23.667823940578398
2000;The Patriot;History;R;165;113.33;244460;7.2;NA;39.881745871315296
2000;Chicken Run;Animation;G;84;106.83;169523;7;NA;59.50375167818607
2001;Harry Potter and the Sorcerer's Stone;Family;PG;152;317.58;595566;7.6;NA;27.255289313924948
2001;The Lord of the Rings: The Fellowship of the Ring;Adventure;PG-13;178;315.54;1572232;8.8;NA;38.771032275765016
2001;Monsters, Inc.;Animation;G;92;289.92;772487;8;NA;75.58438363592349
2001;Shrek;Animation;PG;90;267.67;584948;7.8;NA;55.95654116175876
2001;Rush Hour 2;Crime;PG-13;90;226.16;191714;6.6;48;62.52887182172575
2001;The Mummy Returns;Fantasy;PG-13;130;202.02;290802;6.3;48;21.806796605209243
2001;Pearl Harbor;History;PG-13;183;198.54;300849;6.2;44;23.37409201074451
2001;Ocean's Eleven;Thriller;PG-13;116;183.42;489189;7.8;NA;27.36901946596936
2001;Jurassic Park III;Sci-Fi;PG-13;92;181.17;284048;5.9;42;37.1554334869629
2001;Planet of the Apes;Sci-Fi;PG-13;119;180.01;205038;5.7;50;18.92994230936818
2001;A Beautiful Mind;Biography;PG-13;135;170.74;802128;8.2;NA;42.15516667745205
2001;Hannibal;Thriller;R;131;165.09;243297;6.8;57;19.764155182662833
2001;American Pie 2;Comedy;R;108;145.1;231137;6.4;43;78.99699709513438
2001;The Fast and the Furious;Thriller;PG-13;106;144.53;331561;6.8;58;42.67463387176447
2001;Lara Croft: Tomb Raider;Fantasy;PG-13;100;131.14;191149;5.8;NA;37.08252630166642
2001;Dr. Dolittle 2;Family;PG;87;112.95;40305;4.7;49;66.13418918184556
2001;Spy Kids;Adventure;PG;88;112.72;103431;5.4;NA;39.80235958497811
2001;Black Hawk Down;War;R;144;108.64;350154;7.7;NA;47.31178439441617
2001;The Princess Diaries;Family;G;111;108.25;120991;6.3;52;70.68884488070266
2001;Vanilla Sky;Mystery;R;136;100.61;239513;6.9;45;42.526264061909266
2002;Spider-Man;Sci-Fi;PG-13;121;403.71;660491;7.3;NA;38.1130485760484
2002;The Lord of the Rings: The Two Towers;Fantasy;PG-13;179;342.55;1408706;8.7;NA;27.698503734387508
2002;Star Wars: Episode II - Attack of the Clones;Fantasy;PG;142;310.68;607672;6.5;54;28.582870867383637
2002;Harry Potter and the Chamber of Secrets;Family;PG;161;261.99;515833;7.4;NA;18.6062063855435
2002;My Big Fat Greek Wedding;Romance;PG;95;241.44;115939;6.5;NA;64.6998376906318
2002;Signs;Mystery;PG-13;106;227.97;325768;6.7;59;20.712126004352648
2002;Austin Powers in Goldmember;Adventure;PG-13;94;213.31;189035;6.2;NA;44.409349316309054
2002;Men in Black II;Adventure;PG-13;88;190.42;328146;6.2;49;64.49875351888569
2002;Ice Age;Animation;PG;81;176.39;419601;7.5;60;70.12152142338417
2002;Chicago;Musical;PG-13;113;170.69;207421;7.1;NA;16.65297334662678
2002;Catch Me If You Can;Biography;PG-13;141;164.62;763050;8.1;NA;76.48815412777387
2002;Die Another Day;Thriller;PG-13;133;160.94;197008;6.1;56;63.50417883187873
2002;Scooby-Doo;Family;PG;86;153.29;92120;5;NA;35.90848977779056
2002;Lilo & Stitch;Animation;PG;85;145.79;157741;7.2;NA;75.36483254720716
2002;xXx;Thriller;PG-13;124;142.11;169217;5.9;48;18.556247174547917
2002;The Santa Clause 2;Family;G;104;139.24;47608;5.6;48;50.394029472384794
2002;Minority Report;Mystery;PG-13;145;132.07;484396;7.6;NA;21.684573420479293
2002;The Ring;Mystery;PG-13;115;129.13;307862;7.1;57;6.39950109938007
2002;Sweet Home Alabama;Romance;PG-13;108;127.22;98334;6.2;45;79.40139743115463
2002;Mr. Deeds;Romance;PG-13;96;126.29;130828;5.8;NA;52.29904233687866
2003;Finding Nemo;Animation;G;100;380.84;903078;8.1;NA;33.43058635397896
2003;The Lord of the Rings: The Return of the King;Fantasy;PG-13;201;377.85;1560399;8.9;NA;33.56268580568654
2003;Pirates of the Caribbean: The Curse of the Black Pearl;Fantasy;PG-13;143;305.41;984798;8;NA;22.477840702102974
2003;The Matrix Reloaded;Sci-Fi;R;138;281.49;493753;7.2;NA;20.556466503267977
2003;Bruce Almighty;Fantasy;PG-13;101;242.83;356827;6.7;46;49.469164640350435
2003;X2: X-Men United;Sci-Fi;PG-13;134;214.95;494902;7.4;NA;44.886740981404756
2003;Elf;Family;PG;97;173.4;207282;6.9;NA;80.97008220354677
2003;Terminator 3: Rise of the Machines;Sci-Fi;R;109;150.37;364343;6.3;NA;13.486838423320613
2003;The Matrix Revolutions;Sci-Fi;R;129;139.31;428766;6.7;47;24.853501797426677
2003;Cheaper by the Dozen;Family;PG;98;138.61;89579;5.9;46;72.85433941628946
2003;Bad Boys II;Crime;R;147;138.61;219005;6.6;NA;43.273087911721056
2003;Anger Management;Comedy;PG-13;106;135.65;196829;6.2;52;64.7670254110613
2003;Bringing Down the House;Comedy;PG-13;105;132.72;33965;5.6;NA;65.11459652445919
2003;Hulk;Sci-Fi;PG-13;138;132.18;244771;5.6;54;22.118892329802847
2003;2 Fast 2 Furious;Thriller;PG-13;107;127.15;239918;5.9;NA;42.36053165093197
2003;Something's Gotta Give;Romance;PG-13;128;124.73;106888;6.7;NA;64.49498070714229
2003;Seabiscuit;History;PG-13;140;120.28;64400;7.3;NA;17.90047785492411
2003;S.W.A.T.;Crime;PG-13;117;116.93;133972;6;45;17.58794256125481
2003;Spy Kids 3-D: Game Over;Adventure;PG;84;111.76;51882;4.2;57;41.349440119840565
2003;The Last Samurai;War;R;154;111.11;381241;7.7;55;23.38450918844429
2004;Shrek 2;Animation;PG;93;436.47;398797;7.2;NA;53.860535984184146
2004;Spider-Man 2;Sci-Fi;PG-13;127;373.59;519202;7.3;NA;26.626309590110964
2004;The Passion of the Christ;Drama;R;127;370.78;205465;7.1;47;12.861342317347022
2004;Meet the Fockers;Romance;PG-13;115;279.26;243956;6.3;41;92.92776742994107
2004;The Incredibles;Animation;PG;115;261.44;627047;8;NA;30.302166255071462
2004;Harry Potter and the Prisoner of Azkaban;Family;PG;142;249.36;512765;7.9;NA;18.880237735512345
2004;The Day After Tomorrow;Sci-Fi;PG-13;124;186.74;399098;6.4;47;45.386160829980895
2004;The Polar Express;Animation;G;100;183.37;164005;6.6;NA;33.46866353338476
2004;The Bourne Supremacy;Mystery;PG-13;108;176.24;417870;7.7;NA;27.184827835144553
2004;National Treasure;Mystery;PG;131;173.01;292759;6.8;NA;35.208240455379226
2004;Shark Tale;Animation;PG;90;160.86;159775;6;48;44.11116066379686
2004;I, Robot;Sci-Fi;PG-13;115;144.8;479888;7.1;59;35.42751277258214
2004;Troy;History;R;163;133.38;467436;7.2;56;22.39963700849422
2004;Ocean's Twelve;Thriller;PG-13;125;125.54;341726;6.5;58;20.030750971559666
2004;50 First Dates;Romance;PG-13;99;120.91;313019;6.8;48;64.51947443642322
2004;Van Helsing;Fantasy;PG-13;131;120.18;235887;6.1;NA;22.071284748168964
2004;Lemony Snicket's A Series of Unfortunate Events;Family;PG;108;118.63;189119;6.8;NA;48.745247269194905
2004;Dodgeball: A True Underdog Story;Sport;PG-13;92;114.33;220023;6.7;55;69.53398935531656
2004;The Village;Mystery;PG-13;108;114.2;234160;6.5;44;15.021187088056099
2004;The Grudge;Mystery;PG-13;91;110.36;135105;5.9;49;8.700429768895255
2005;Star Wars: Episode III - Revenge of the Sith;Fantasy;PG-13;140;380.26;675212;7.5;NA;18.099487866134094
2005;The Chronicles of Narnia: The Lion, the Witch and the Wardrobe;Family;PG;143;291.71;350668;6.9;NA;48.28285564470223
2005;Harry Potter and the Goblet of Fire;Family;PG-13;157;290.01;511088;7.7;NA;13.967734352331354
2005;War of the Worlds;Sci-Fi;PG-13;116;234.28;399428;6.5;NA;11.224507131082701
2005;King Kong;Adventure;PG-13;187;218.08;376945;7.2;NA;29.565113129024724
2005;Wedding Crashers;Romance;R;119;209.22;321759;6.9;NA;76.34611192918099
2005;Batman Begins;Adventure;PG-13;140;206.85;1242886;8.2;NA;17.9572191527475
2005;Charlie and the Chocolate Factory;Family;PG;115;206.46;404124;6.6;NA;45.489322082019854
2005;Madagascar;Animation;PG;86;193.6;347194;6.9;57;30.163034260772204
2005;Mr. & Mrs. Smith;Crime;PG-13;120;186.34;431610;6.5;55;74.76352562251671
2005;Hitch;Romance;PG-13;118;179.5;285806;6.6;58;70.21169544110076
2005;The Longest Yard;Sport;PG-13;113;158.12;155524;6.4;48;43.03071296256944
2005;Fantastic Four;Family;PG-13;106;154.7;303369;5.7;40;26.4990678690604
2005;Chicken Little;Animation;G;81;135.39;81727;5.7;48;48.33601824652364
2005;Robots;Animation;PG;91;128.2;126777;6.3;NA;63.067539105529846
2005;Walk the Line;Music;PG-13;136;119.52;223519;7.8;NA;40.83591376613259
2005;The Pacifier;Action;PG;95;113.09;83536;5.6;NA;79.89866849148025
2005;Fun with Dick and Jane;Crime;PG-13;90;110.33;128672;6.1;47;66.46221578442918
2005;The 40-Year-Old Virgin;Romance;R;116;109.45;376581;7.1;NA;49.656266673555685
2005;Flightplan;Mystery;PG-13;98;89.71;147231;6.3;53;31.04082501805639
2006;Pirates of the Caribbean: Dead Man's Chest;Fantasy;PG-13;151;423.32;630267;7.3;53;21.231243007713594
2006;Night at the Museum;Family;PG;108;250.86;298438;6.4;48;24.742467822505542
2006;Cars;Animation;G;117;244.08;345908;7.1;NA;39.38709294590178
2006;X-Men: The Last Stand;Sci-Fi;PG-13;104;234.36;466750;6.7;58;24.947210399388155
2006;The Da Vinci Code;Mystery;PG-13;149;217.54;383676;6.6;46;28.947328006411343
2006;300;Action;R;117;210.61;709478;7.6;52;28.375184729432146
2006;Superman Returns;Sci-Fi;PG-13;154;200.08;264938;6;NA;24.184559640522888
2006;Happy Feet;Animation;PG;108;198;162825;6.4;NA;67.79755637990932
2006;Ice Age: The Meltdown;Animation;PG;91;195.33;244292;6.8;58;42.86610102754797
2006;Casino Royale;Thriller;PG-13;144;167.45;555687;8;NA;39.91137219738825
2006;The Pursuit of Happyness;Biography;PG-13;117;163.57;421512;8;NA;51.67886844070744
2006;Over the Hedge;Animation;PG;83;155.02;152573;6.7;NA;46.82983980996139
2006;Talladega Nights: The Ballad of Ricky Bobby;Sport;PG-13;108;148.21;159920;6.6;NA;67.07054222360343
2006;Click;Fantasy;PG-13;107;137.36;292610;6.4;45;67.37821307276513
2006;Mission: Impossible III;Thriller;PG-13;126;134.03;316324;6.9;NA;32.19943831699349
2006;The Departed;Thriller;R;151;132.38;1122377;8.5;NA;19.457627947865305
2006;Borat: Cultural Learnings of America for Make Benefit Glorious Nation of Kazakhstan;Comedy;R;84;128.51;340358;7.3;NA;65.03478600375165
2006;The Devil Wears Prada;Comedy;PG-13;109;124.74;351953;6.9;NA;76.05296559072553
2006;The Break-Up;Romance;PG-13;106;118.7;120602;5.8;45;51.51592759275927
2006;Dreamgirls;Musical;PG-13;130;103.37;66141;6.5;NA;17.43241819498243
2007;Spider-Man 3;Sci-Fi;PG-13;139;336.53;477856;6.2;59;28.609049034262434
2007;Shrek the Third;Animation;PG;93;320.71;266749;6;58;62.53687485701136
2007;Transformers;Sci-Fi;PG-13;144;319.25;580612;7;NA;28.076216125448866
2007;Pirates of the Caribbean: At World's End;Fantasy;PG-13;169;309.42;572467;7.1;50;66.8394542690839
2007;Harry Potter and the Order of the Phoenix;Family;PG-13;138;292;475483;7.5;NA;14.88205940144938
2007;I Am Legend;Sci-Fi;PG-13;101;256.39;654886;7.2;NA;41.261167421834664
2007;The Bourne Ultimatum;Mystery;PG-13;115;227.47;589104;8;NA;48.06153566260521
2007;National Treasure: Book of Secrets;Mystery;PG;124;219.96;211050;6.5;48;26.079579969776063
2007;Alvin and the Chipmunks;Animation;PG;92;217.33;72417;5.2;NA;35.03394207104365
2007;Ratatouille;Animation;G;111;206.45;605624;8;NA;60.54294724628274
2007;The Simpsons Movie;Animation;PG-13;87;183.14;299644;7.3;NA;76.99695246957619
2007;Wild Hogs;Adventure;PG-13;100;168.27;111374;5.8;NA;37.069943873668166
2007;Knocked Up;Romance;R;129;148.73;339420;6.9;NA;69.06251106973083
2007;Juno;Comedy;PG-13;96;143.5;475978;7.4;NA;63.821134865950434
2007;Rush Hour 3;Crime;PG-13;91;140.13;146673;6.2;44;38.199770677435154
2007;Live Free or Die Hard;Thriller;PG-13;128;134.53;378634;7.1;NA;35.26423183392738
2007;Fantastic Four: Rise of the Silver Surfer;Family;PG;92;131.92;244160;5.6;45;24.002085247470188
2007;American Gangster;Biography;R;157;130.16;376597;7.8;NA;14.80595450980395
2007;Enchanted;Animation;PG;107;127.81;170069;7;NA;46.352871040460094
2007;Bee Movie;Animation;PG;91;126.63;133559;6.1;54;66.052770085211
2008;The Dark Knight;Crime;PG-13;152;534.86;2176706;9;NA;25.307383868263223
2008;Iron Man;Sci-Fi;PG-13;126;318.41;898867;7.9;NA;34.02889801706904
2008;Indiana Jones and the Kingdom of the Crystal Skull;Adventure;PG-13;122;317.1;406703;6.1;NA;28.20228487450208
2008;Hancock;Fantasy;PG-13;92;227.95;426710;6.4;49;35.682852499910446
2008;WALL·E;Animation;G;98;223.81;946106;8.4;NA;37.6461709638632
2008;Kung Fu Panda;Animation;PG;92;215.43;397649;7.5;NA;31.689982266312676
2008;Twilight;Fantasy;PG-13;122;191.47;405202;5.2;56;12.478822995144137
2008;Madagascar: Escape 2 Africa;Animation;PG;89;180.01;193319;6.6;NA;47.38427391927212
2008;Quantum of Solace;Thriller;PG-13;106;168.37;388465;6.6;58;43.56703465152421
2008;Horton Hears a Who!;Animation;G;86;154.53;124765;6.8;NA;49.03433127038939
2008;Sex and the City;Romance;R;145;152.65;112658;5.6;53;23.17200456036831
2008;Gran Torino;Drama;R;116;148.1;690563;8.1;NA;11.092006457755518
2008;Taken;Thriller;PG-13;90;145;549197;7.8;51;5.58392044859491
2008;Mamma Mia!;Musical;PG-13;108;144.13;202839;6.4;51;76.41778165093197
2008;Marley & Me;Family;PG;115;143.15;140748;7.1;53;86.30973885937306
2008;The Chronicles of Narnia: Prince Caspian;Family;PG;150;141.62;185717;6.5;NA;29.056848709425392
2008;The Incredible Hulk;Sci-Fi;PG-13;112;134.52;416278;6.7;NA;14.336812150767827
2008;Wanted;Fantasy;R;110;134.51;348890;6.7;NA;25.028354290950872
2008;Get Smart;Adventure;PG-13;110;130.32;195530;6.5;54;56.01651678506215
2008;The Curious Case of Benjamin Button;Fantasy;PG-13;166;127.51;558208;7.8;NA;29.918711374095984
2009;Avatar;Fantasy;PG-13;162;760.51;1079332;7.8;NA;19.250833564607937
2009;Transformers: Revenge of the Fallen;Sci-Fi;PG-13;149;402.11;373287;6;NA;35.77447321157793
2009;Harry Potter and the Half-Blood Prince;Family;PG;153;301.96;439845;7.6;NA;26.922608863763912
2009;The Twilight Saga: New Moon;Fantasy;PG-13;130;296.62;254898;4.7;44;12.280736427519026
2009;Up;Animation;PG;96;293;883787;8.2;NA;47.43045167967131
2009;The Hangover;Comedy;R;100;277.32;689686;7.7;NA;42.40350258514141
2009;Star Trek;Sci-Fi;PG-13;127;257.73;565272;7.9;NA;69.55714050329341
2009;The Blind Side;Sport;PG-13;129;255.96;277044;7.6;53;44.63712215224939
2009;Alvin and the Chipmunks: The Squeakquel;Animation;PG;88;219.61;41161;4.5;41;38.81924454853783
2009;Sherlock Holmes;Crime;PG-13;128;209.03;562569;7.6;57;37.49780296935126
2009;Monsters vs. Aliens;Animation;PG;94;198.35;140663;6.4;56;48.6925049768335
2009;Ice Age: Dawn of the Dinosaurs;Animation;PG;94;196.57;212674;6.9;50;73.54502257872846
2009;X-Men Origins: Wolverine;Sci-Fi;PG-13;107;179.88;450734;6.6;40;22.29571082992584
2009;Night at the Museum: Battle of the Smithsonian;Family;PG;105;177.24;167681;6;42;27.546520231855116
2009;2012;Sci-Fi;PG-13;158;166.11;337966;5.8;49;53.16395598940549
2009;The Proposal;Romance;PG-13;108;163.96;282031;6.7;48;78.4082534127015
2009;Fast & Furious;Thriller;PG-13;107;155.06;250865;6.6;46;35.13303047951855
2009;G.I. Joe: The Rise of Cobra;Sci-Fi;PG-13;118;152.27;194416;5.8;NA;20.443479714531126
2009;A Christmas Carol;Animation;PG;96;137.86;96389;6.8;55;32.60150782745758
2009;Angels & Demons;Mystery;PG-13;138;133.38;261198;6.7;48;16.19835186226977
2010;Toy Story 3;Animation;G;103;415;719003;8.3;NA;62.766322649489815
2010;Alice in Wonderland;Family;PG;108;334.19;368940;6.4;53;45.24824942096476
2010;Iron Man 2;Sci-Fi;PG-13;124;312.43;687289;7;57;11.83709852529379
2010;The Twilight Saga: Eclipse;Fantasy;PG-13;124;300.53;217731;5;58;14.782091328029653
2010;Harry Potter and the Deathly Hallows: Part 1;Family;PG-13;146;295.98;445827;7.7;NA;22.10113966972567
2010;Inception;Sci-Fi;PG-13;148;292.58;1925507;8.8;NA;24.729728522717355
2010;Despicable Me;Animation;PG;95;251.51;479866;7.6;NA;48.44952970855996
2010;Shrek Forever After;Animation;PG;93;238.37;174849;6.3;58;56.009460591431626
2010;How to Train Your Dragon;Animation;PG;98;217.58;634108;8.1;NA;26.600679356045774
2010;Tangled;Animation;PG;100;200.82;383289;7.7;NA;38.9030457199841
2010;The Karate Kid;Family;PG;140;176.59;152236;6.2;NA;45.69936069375327
2010;TRON: Legacy;Sci-Fi;PG;125;172.06;303621;6.8;49;30.049560018057253
2010;True Grit;Western;PG-13;110;171.24;294657;7.6;NA;28.027552498385216
2010;Clash of the Titans;Fantasy;PG-13;106;163.21;262659;5.8;NA;22.74463310835003
2010;Grown Ups;Comedy;PG-13;102;162;218016;5.9;NA;79.32902156784043
2010;Megamind;Animation;PG;95;148.42;216029;7.2;NA;52.56341392769769
2010;Little Fockers;Romance;PG-13;98;148.38;102303;5.5;NA;82.1730064284132
2010;The King's Speech;History;R;118;138.8;613144;8;NA;44.24084934335809
2010;The Last Airbender;Family;PG;103;131.56;141512;4.1;NA;23.758974522824364
2010;Shutter Island;Mystery;R;138;128.01;1054364;8.1;NA;17.618236756586942
2011;Harry Potter and the Deathly Hallows: Part 2;Fantasy;PG-13;130;381.01;719621;8.1;NA;39.73987200064871
2011;Transformers: Dark of the Moon;Sci-Fi;PG-13;154;352.39;374273;6.2;42;25.93044259606387
2011;The Twilight Saga: Breaking Dawn - Part 1;Adventure;PG-13;117;281.29;214155;4.9;45;20.75070502264758
2011;The Hangover Part II;Comedy;R;102;254.46;445822;6.4;44;41.81834838041668
2011;Pirates of the Caribbean: On Stranger Tides;Fantasy;PG-13;136;241.06;461420;6.6;45;26.69109065093856
2011;Fast Five;Thriller;PG-13;130;209.84;339512;7.3;NA;49.639318575296734
2011;Mission: Impossible - Ghost Protocol;Thriller;PG-13;132;209.4;440109;7.4;NA;33.13060496911322
2011;Cars 2;Animation;G;106;191.45;148179;6.1;57;33.73688013530161
2011;Sherlock Holmes: A Game of Shadows;Crime;PG-13;129;186.85;404950;7.5;48;19.28952752712276
2011;Thor;Fantasy;PG-13;115;181.03;712242;7;57;20.207860634416786
2011;Rise of the Planet of the Apes;Sci-Fi;PG-13;105;176.76;482941;7.6;NA;10.829274191815712
2011;Captain America: The First Avenger;Sci-Fi;PG-13;124;176.65;701524;6.9;NA;39.2819836913678
2011;The Help;Drama;PG-13;146;169.71;405737;8.1;NA;58.80761906260925
2011;Bridesmaids;Romance;R;125;169.11;257273;6.8;NA;40.96553484440831
2011;Kung Fu Panda 2;Animation;PG;90;165.25;239257;7.2;NA;45.84356775344535
2011;Puss in Boots;Animation;PG;90;149.26;138013;6.6;NA;43.435198529411736
2011;X: First Class;Sci-Fi;PG-13;131;146.41;626222;7.7;NA;44.755439388489954
2011;Rio;Animation;G;96;143.62;197669;6.9;NA;70.43076050362373
2011;The Smurfs;Animation;PG;103;142.61;80006;5.4;NA;38.61802626193433
2011;Alvin and the Chipmunks: Chipwrecked;Animation;G;87;133.11;29527;4.3;NA;56.92292412617221
2012;The Avengers;Sci-Fi;PG-13;143;623.28;1219021;8;NA;30.57540891074898
2012;The Dark Knight Rises;Adventure;PG-13;164;448.14;1441515;8.4;NA;18.617587661493488
2012;The Hunger Games;Sci-Fi;PG-13;142;408.01;813212;7.2;NA;14.524949263050585
2012;Skyfall;Thriller;PG-13;143;304.36;608130;7.7;NA;27.426165120911456
2012;The Hobbit: An Unexpected Journey;Family;PG-13;169;303;734519;7.8;58;37.419280490608394
2012;The Twilight Saga: Breaking Dawn - Part 2;Fantasy;PG-13;115;292.3;221005;5.5;52;14.428874016592886
2012;The Amazing Spider-Man;Sci-Fi;PG-13;136;262.03;540369;6.9;NA;23.14962793815935
2012;Brave;Animation;PG;93;237.28;353733;7.1;NA;34.01233050947703
2012;Ted;Comedy;R;106;218.82;551777;6.9;NA;68.6236673307503
2012;Madagascar 3: Europe's Most Wanted;Animation;PG;93;216.39;153905;6.8;60;46.383371576482006
2012;The Lorax;Animation;PG;86;214.03;93162;6.4;46;55.51096203714514
2012;Wreck-It Ralph;Animation;PG;101;189.42;361112;7.7;NA;31.2720324730643
2012;Lincoln;History;PG-13;150;182.21;235251;7.3;NA;48.69192966798853
2012;Men in Black 3;Adventure;PG-13;106;179.02;322782;6.8;58;22.413118885850288
2012;Django Unchained;Western;R;165;162.81;1271435;8.4;NA;45.44814536535039
2012;Ice Age: Continental Drift;Animation;PG;88;161.32;182568;6.6;49;54.973992302106026
2012;Snow White and the Huntsman;Adventure;PG-13;127;155.33;264642;6.1;57;43.27095087201103
2012;Les Misérables;Musical;PG-13;158;148.81;295331;7.6;NA;28.40500209162446
2012;Hotel Transylvania;Animation;PG;91;148.31;212273;7.1;47;35.302806331167304
2012;Taken 2;Thriller;PG-13;92;139.85;280173;6.2;45;16.76671455862265
2013;The Hunger Games: Catching Fire;Sci-Fi;PG-13;146;424.67;590260;7.5;NA;13.21249375764086
2013;Iron Man Three;Sci-Fi;PG-13;130;409.01;721475;7.2;NA;30.302030387912755
2013;Frozen;Animation;PG;102;400.74;545450;7.5;NA;77.57897401811506
2013;Despicable Me 2;Animation;PG;98;368.06;355343;7.3;NA;75.3937225296623
2013;Man of Steel;Sci-Fi;PG-13;143;291.05;665977;7.1;55;30.64113687617277
2013;Gravity;Sci-Fi;PG-13;91;274.09;736546;7.7;NA;20.069474922858056
2013;Monsters University;Animation;G;104;268.49;304801;7.3;NA;56.44245093318984
2013;The Hobbit: The Desolation of Smaug;Fantasy;PG-13;161;258.37;580138;7.8;NA;17.014140048706693
2013;Furious 6;Thriller;PG-13;130;238.68;355959;7.1;NA;46.58007173181086
2013;Oz the Great and Powerful;Family;PG;130;234.91;195009;6.3;44;40.62796844181459
2013;Star Trek Into Darkness;Sci-Fi;PG-13;132;228.78;453089;7.7;NA;44.66026075732693
2013;Thor: The Dark World;Fantasy;PG-13;112;206.36;565925;6.9;54;35.46636896080747
2013;World War Z;Horror;PG-13;116;202.36;572622;7;NA;28.432416007769294
2013;The Croods;Animation;PG;98;187.17;182524;7.2;55;47.0001638288254
2013;The Heat;Crime;R;117;159.58;157136;6.6;60;26.251620279080278
2013;We're the Millers;Crime;R;110;150.39;384606;7;44;51.69373506323141
2013;American Hustle;Crime;R;138;150.12;430686;7.2;NA;11.828300880537409
2013;The Great Gatsby;Romance;PG-13;143;144.84;451255;7.2;55;23.596713576321392
2013;The Conjuring;Mystery;R;112;137.4;417812;7.5;NA;53.89196227922489
2013;Identity Thief;Crime;R;111;134.51;119296;5.7;NA;34.24565353283868
2014;American Sniper;Biography;R;133;350.13;417080;7.3;NA;64.25488058638494
2014;The Hunger Games: Mockingjay - Part 1;Sci-Fi;PG-13;123;337.14;393026;6.6;NA;17.53793980685403
2014;Guardians of the Galaxy;Adventure;PG-13;121;333.18;997322;8;NA;28.41720083267419
2014;Captain America: The Winter Soldier;Sci-Fi;PG-13;136;259.77;699022;7.7;NA;36.22854983005488
2014;The Lego Movie;Animation;PG;100;257.76;313430;7.8;NA;55.45486818664694
2014;The Hobbit: The Battle of the Five Armies;Fantasy;PG-13;144;255.12;453357;7.4;59;26.57088138465263
2014;Transformers: Age of Extinction;Sci-Fi;PG-13;165;245.44;290148;5.6;NA;35.24227014970111
2014;Maleficent;Family;PG;97;241.41;326859;7;56;57.31040178033041
2014;X-Men: Days of Future Past;Sci-Fi;PG-13;132;233.92;638909;8;NA;41.589994558753645
2014;Big Hero 6;Animation;PG;102;222.53;388925;7.8;NA;77.63022372429658
2014;Dawn of the Planet of the Apes;Adventure;PG-13;130;208.55;399669;7.6;NA;47.88737599182334
2014;The Amazing Spider-Man 2;Sci-Fi;PG-13;142;202.85;401185;6.6;53;40.79489881922591
2014;Godzilla;Sci-Fi;PG-13;123;200.68;363506;6.4;NA;20.474356674774754
2014;22 Jump Street;Crime;R;112;191.72;331004;7;NA;52.49621948393456
2014;Teenage Mutant Ninja Turtles;Adventure;PG-13;101;191.2;195585;5.8;NA;10.649726688492557
2014;Interstellar;Sci-Fi;PG-13;169;188.02;1378805;8.6;NA;59.527499379876936
2014;How to Train Your Dragon 2;Animation;PG;102;177;290810;7.8;NA;32.82137383961213
2014;Gone Girl;Mystery;R;149;167.77;799614;8.1;NA;59.93540053067837
2014;Divergent;Mystery;PG-13;139;150.95;409937;6.7;48;36.69635649564375
2014;Neighbors;Comedy;R;97;150.16;274349;6.3;NA;53.907042076567166
2015;Star Wars: Episode VII - The Force Awakens;Sci-Fi;PG-13;138;936.66;827245;7.9;NA;22.396451602012217
2015;Jurassic World;Sci-Fi;PG-13;124;652.27;556745;7;59;18.278402066336305
2015;Avengers: Age of Ultron;Sci-Fi;PG-13;141;459.01;700847;7.3;NA;36.79489929893639
2015;Inside Out;Animation;PG;95;356.46;568186;8.2;NA;46.043455041193425
2015;Furious 7;Thriller;PG-13;137;353.01;345366;7.2;NA;37.0975649517565
2015;Minions;Animation;PG;91;336.05;202099;6.4;56;90.88643929404557
2015;The Hunger Games: Mockingjay - Part 2;Sci-Fi;PG-13;137;281.72;266219;6.5;NA;19.96108572032496
2015;The Martian;Sci-Fi;PG-13;144;228.43;715550;8;NA;40.589655705731246
2015;Cinderella;Family;PG;105;201.15;150562;6.9;NA;34.18515145784855
2015;Spectre;Thriller;PG-13;148;200.07;366109;6.8;60;31.190851006630567
2015;Mission: Impossible - Rogue Nation;Thriller;PG-13;131;195.04;324919;7.4;NA;70.31010749239624
2015;Pitch Perfect 2;Music;PG-13;115;184.3;135767;6.4;NA;34.08374116156908
2015;The Revenant;Biography;R;156;183.64;658810;8;NA;29.420024302964105
2015;Ant-Man;Adventure;PG-13;117;180.2;534266;7.3;NA;36.42059174527169
2015;Home;Animation;PG;94;177.4;88248;6.6;55;59.694481133776556
2015;Hotel Transylvania 2;Animation;PG;89;169.7;98791;6.7;44;41.93952164440655
2015;Fifty Shades of Grey;Thriller;R;125;166.17;286903;4.1;46;14.301375266407456
2015;The SpongeBob Movie: Sponge Out of Water;Animation;PG;92;162.99;45862;6;NA;49.54942938015371
2015;Straight Outta Compton;History;R;147;161.2;171038;7.9;NA;52.85005554122234
2015;San Andreas;Adventure;PG-13;114;155.19;200734;6;43;28.96544972161706
2016;Rogue One: A Star Wars Story;Sci-Fi;PG-13;133;532.18;519833;7.8;NA;47.05706413304133
2016;Finding Dory;Animation;PG;97;486.3;224980;7.3;NA;38.84943457750016
2016;Captain America: Civil War;Sci-Fi;PG-13;147;408.08;621766;7.8;NA;32.28431457529345
2016;The Secret Life of Pets;Animation;PG;87;368.38;173603;6.5;NA;51.897731768145846
2016;The Jungle Book;Family;PG;106;364;249033;7.4;NA;19.244933033012572
2016;Deadpool;Adventure;R;108;363.07;859400;8;NA;45.37028263616545
2016;Zootopia;Animation;PG;108;341.27;405025;8;NA;45.69801122609537
2016;Batman v Superman: Dawn of Justice;Sci-Fi;PG-13;151;330.36;597739;6.5;44;31.53616516569997
2016;Suicide Squad;Fantasy;PG-13;123;325.1;567395;6;40;46.64245771157295
2016;Sing;Animation;PG;108;270.4;124015;7.1;59;38.53373735566644
2016;Moana;Animation;PG;107;248.76;244108;7.6;NA;58.03424434219724
2016;Fantastic Beasts and Where to Find Them;Family;PG-13;132;234.04;385272;7.3;NA;68.56303185305742
2016;Doctor Strange;Fantasy;PG-13;115;232.64;555181;7.5;NA;41.587357946148195
2016;Hidden Figures;History;PG;127;169.61;182910;7.8;NA;62.884012867852256
2016;Jason Bourne;Thriller;PG-13;123;162.43;197904;6.6;58;18.79409772681812
2016;Star Trek Beyond;Sci-Fi;PG-13;122;158.85;217627;7.1;NA;30.468947416552382
2016;X-Men: Apocalypse;Sci-Fi;PG-13;144;155.44;374469;6.9;52;32.44857172907476
2016;Trolls;Animation;PG;92;153.71;66136;6.5;56;42.01904110576127
2016;La La Land;Music;PG-13;128;151.1;465747;8;NA;16.793585626294917
2016;Kung Fu Panda 3;Animation;PG;95;143.53;124064;7.1;NA;56.37643628230661
2017;Star Wars: Episode VIII - The Last Jedi;Fantasy;PG-13;152;620.18;525724;7;NA;37.834474228509976
2017;Beauty and the Beast;Musical;PG;129;504.01;254083;7.1;NA;34.625654875018334
2017;Wonder Woman;Fantasy;PG-13;141;412.56;518129;7.4;NA;42.74140137712208
2017;Jumanji: Welcome to the Jungle;Adventure;PG-13;119;404.52;286872;6.9;58;17.524954575593927
2017;Guardians of the Galaxy Vol. 2;Adventure;PG-13;136;389.81;525438;7.6;NA;30.770847593169286
2017;Spider-Man: Homecoming;Sci-Fi;PG-13;133;334.2;472579;7.4;NA;48.347081271152135
2017;It;Horror;R;135;327.48;422112;7.3;NA;13.887799128540243
2017;Thor: Ragnarok;Adventure;PG-13;130;315.06;534996;7.9;NA;34.07986873162946
2017;Despicable Me 3;Animation;PG;89;264.62;102503;6.3;49;76.67709707626278
2017;Justice League;Fantasy;PG-13;120;229.02;354838;6.4;45;23.177306952849737
2017;Logan;Sci-Fi;R;137;226.28;601143;8.1;NA;25.562553660517466
2017;The Fate of the Furious;Thriller;PG-13;136;226.01;192125;6.7;56;63.834765392002055
2017;Coco;Animation;PG;105;209.73;321845;8.4;NA;41.74097177368226
2017;Dunkirk;History;PG-13;106;188.37;502690;7.9;NA;22.229315146693647
2017;Get Out;Mystery;R;104;176.04;445195;7.7;NA;48.597912363494864
2017;The Lego Batman Movie;Animation;PG;104;175.75;123868;7.3;NA;49.90273192280864
2017;The Boss Baby;Animation;PG;97;175;100370;6.3;50;79.74022615323445
2017;The Greatest Showman;Musical;PG;105;174.34;214724;7.6;48;44.41055594480832
2017;Pirates of the Caribbean: Dead Men Tell No Tales;Fantasy;PG-13;129;172.56;243229;6.6;NA;39.54921858188678
2017;Kong: Skull Island;Fantasy;PG-13;118;168.05;253103;6.6;NA;35.75470821327793
2018;Black Panther;Sci-Fi;PG-13;134;700.06;565744;7.3;NA;28.12533285500492
2018;Avengers: Infinity War;Sci-Fi;PG-13;149;678.82;749601;8.5;NA;24.17220812287774
2018;Incredibles 2;Animation;PG;118;608.58;226170;7.6;NA;35.66427024900876
2018;Jurassic World: Fallen Kingdom;Sci-Fi;PG-13;128;417.72;241255;6.2;51;32.99279670781896
2018;Aquaman;Fantasy;PG-13;143;335.06;326875;7;55;38.7745258301026
2018;Deadpool 2;Adventure;R;119;324.59;437858;7.7;NA;62.78073284313723
2018;Dr. Seuss' The Grinch;Animation;PG;85;270.62;42495;6.3;51;41.172920386153976
2018;Mission: Impossible - Fallout;Thriller;PG-13;147;220.16;262726;7.8;NA;55.706913474229914
2018;Ant-Man and the Wasp;Adventure;PG-13;118;216.65;277552;7.1;NA;62.87585301861676
2018;Bohemian Rhapsody;Music;PG-13;134;216.43;410102;8;49;52.90148919021808
2018;A Star Is Born;Music;R;136;215.29;297833;7.7;NA;61.66362346057247
2018;Solo: A Star Wars Story;Sci-Fi;PG-13;135;213.77;261148;6.9;NA;60.067747285728466
2018;Venom;Sci-Fi;PG-13;112;213.52;322706;6.7;NA;21.097957492132657
2018;Ralph Breaks the Internet;Animation;PG;112;201.09;112894;7.1;NA;54.14953800445803
2018;Spider-Man: Into the Spider-Verse;Animation;PG;117;190.24;297827;8.4;NA;42.17679249016772
2018;A Quiet Place;Sci-Fi;PG-13;90;188.02;354889;7.5;NA;17.984737570408058
2018;Crazy Rich Asians;Romance;PG-13;120;174.53;119360;6.9;NA;38.16933414367617
2018;Mary Poppins Returns;Family;PG;130;171.96;67914;6.7;NA;35.28858454676636
2018;Hotel Transylvania 3: Summer Vacation;Animation;PG;97;167.51;49068;6.3;54;58.97146000680926
2018;Fantastic Beasts: The Crimes of Grindelwald;Family;PG-13;134;159.56;194886;6.6;52;62.26181428737982
2019;Avengers: Endgame;Adventure;PG-13;181;858.37;672862;8.5;NA;28.477980886298994
2019;The Lion King;Animation;PG;118;540.08;168828;6.9;55;33.82441209871539
2019;Toy Story 4;Animation;G;100;433.03;159927;7.8;NA;30.843127282888766
2019;Captain Marvel;Sci-Fi;PG-13;123;426.83;396074;6.9;NA;36.050387851191026
2019;Spider-Man: Far from Home;Sci-Fi;PG-13;129;388.53;265761;7.5;NA;33.53550703827226
2019;Aladdin;Family;PG;128;354.87;187881;7;53;27.312614178457466
2019;It Chapter Two;Fantasy;R;169;193.77;159112;6.6;58;86.7101412158719
2019;Joker;Thriller;R;122;192.73;694297;8.6;59;33.27894777212616
2019;Us;Mystery;R;116;175.01;184389;6.9;NA;8.787766315438478
2019;John Wick: Chapter 3 - Parabellum;Thriller;R;131;171.02;226053;7.5;NA;52.92289571270711
2019;Fast & Furious Presents: Hobbs & Shaw;Adventure;PG-13;137;165.55;133941;6.5;60;23.08492697107876
2019;How to Train Your Dragon: The Hidden World;Animation;PG;104;160.8;87642;7.5;NA;37.11230085191949
2019;The Secret Life of Pets 2;Animation;PG;86;158.14;38189;6.5;55;30.47069133688375
2019;Pokémon Detective Pikachu;Adventure;PG;104;144.11;115167;6.6;53;34.79960336726047
2019;Shazam!;Adventure;PG-13;132;140.37;217921;7.1;NA;65.20148270670681
2019;Once Upon a Time... in Hollywood;Comedy;R;161;135.37;395452;7.7;NA;62.44627881065114
2019;Dumbo;Family;PG;112;114.77;56072;6.3;51;41.19394047319487
2019;Glass;Sci-Fi;PG-13;129;111.04;182739;6.7;43;25.84032008395645
2019;Godzilla: King of the Monsters;Fantasy;PG-13;132;110.5;109367;6.1;48;31.5455486880368
2019;The Lego Movie 2: The Second Part;Animation;PG;107;105.81;45948;6.6;NA;30.410280949391318